City_ID,City,Lat,Lng,Max Temp,Humidity,Cloudiness,Wind Speed,Country,Date
0,puerto natales,-51.7236,-72.4875,271.13,82,96,1.08,CL,1692322288
1,hermanus,-34.4187,19.2345,284.71,85,3,5.76,ZA,1692322522
2,ushuaia,-54.8,-68.3,274.96,64,0,2.06,AR,1692322301
3,albany,42.6001,-73.9662,295.51,83,4,0.89,US,1692322486
4,grytviken,-54.2811,-36.5092,265.43,77,15,8.04,GS,1692322493
5,hirara,24.8,125.2833,302.3,74,75,1.54,JP,1692322523
6,port-aux-francais,-49.35,70.2167,273.63,72,96,20.19,TF,1692322524
7,vernon,50.2581,-119.2691,310.54,21,0,2.68,CA,1692322524
8,fale old settlement,-9.3852,-171.2468,301.29,78,98,9.04,TK,1692322524
9,tarfaya,27.9358,-12.9218,294.37,88,38,8.62,MA,1692322525
10,ebon,4.582,168.6964,301.33,71,100,1.73,MH,1692322525
11,kailua-kona,19.6406,-155.9956,302.32,79,100,5.66,US,1692322525
12,thompson,55.7435,-97.8558,292.24,59,75,1.54,CA,1692322345
13,saint-girons,42.9167,1.1667,292.73,88,63,2.01,FR,1692322526
14,vorgashor,67.5833,63.95,286.7,87,98,2.23,RU,1692322526
15,monrovia,6.3005,-10.7969,298.02,87,100,4.85,LR,1692322526
16,arraial do cabo,-22.9661,-42.0278,293.91,85,0,11.44,BR,1692322526
17,fuyu,45.1833,124.8167,300.7,76,100,4.94,CN,1692322527
18,college,64.8569,-147.8028,288.26,75,75,8.23,US,1692322487
19,bethel,41.3712,-73.414,295.08,86,100,0.45,US,1692322367
20,gergebil',42.5047,47.0661,290.87,85,50,2.21,RU,1692322527
21,tiksi,71.6872,128.8694,277.39,89,100,4.83,RU,1692322528
22,bandarbeyla,9.4942,50.8122,297.85,77,40,10.88,SO,1692322528
23,ilion,38.0333,23.7,301.68,59,20,1.34,GR,1692322528
24,el chorrillo,-33.2909,-66.268,280.81,85,0,5.1,AR,1692322529
25,villa rica,33.7321,-84.9191,299.08,92,0,1.76,US,1692322345
26,hawaiian paradise park,19.5933,-154.9731,299.88,82,100,4.12,US,1692322507
27,acarau,-2.8856,-40.12,298.39,83,41,6.9,BR,1692322375
28,ribeira grande,38.5167,-28.7,296.36,88,67,7.15,PT,1692322491
29,yellowknife,62.456,-114.3525,290.6,59,75,8.23,CA,1692322496
30,sarigerme,36.7155,28.7044,297.88,88,0,2.06,TR,1692322531
31,yaya,56.206,86.44,283.76,95,99,3.14,RU,1692322531
32,west island,-12.1568,96.8225,296.14,88,75,10.29,CC,1692322531
33,port mathurin,-19.6833,63.4167,295.93,77,29,6.3,MU,1692322500
34,qui nhon,13.7667,109.2333,305.03,57,6,1.04,VN,1692322532
35,waitangi,-43.9535,-176.5597,282.49,74,100,4.47,NZ,1692322490
36,lejanias,3.5251,-74.0216,294.03,93,13,2.2,CO,1692322532
37,hamilton,39.1834,-84.5333,294.5,90,40,2.57,US,1692322281
38,codrington,-38.2667,141.9667,284.7,62,50,9.1,AU,1692322533
39,cannonvale,-20.2833,148.7,296.81,65,12,6.1,AU,1692322534
40,betio village,1.358,172.9211,299.17,70,81,3.07,KI,1692322534
41,pacific grove,36.6177,-121.9166,295.49,86,100,3.6,US,1692322535
42,st. john's,47.5649,-52.7093,286.01,93,0,2.57,CA,1692322536
43,adamstown,-25.066,-130.1015,290.77,55,95,11.88,PN,1692322536
44,new norfolk,-42.7826,147.0587,285.77,80,100,2.12,AU,1692322536
45,cockburn town,21.4612,-71.1419,301.85,83,26,9.78,TC,1692322537
46,richards bay,-28.783,32.0377,292.83,84,100,4.96,ZA,1692322537
47,hadibu,12.65,54.0333,298.69,81,58,7.58,YE,1692322537
48,belfast,54.5833,-5.9333,289.05,82,100,8.75,GB,1692322539
49,longyearbyen,78.2186,15.6401,279.06,93,75,3.6,SJ,1692322539
50,stanley,54.868,-1.6985,286.77,84,75,3.6,GB,1692322539
51,margaret river,-33.95,115.0667,287.98,67,97,2.56,AU,1692322539
52,isafjordur,66.0755,-23.124,284.31,91,100,2.58,IS,1692322497
53,kapuskasing,49.4169,-82.4331,289.2,88,75,4.63,CA,1692322540
54,yerofey pavlovich,53.9667,121.9667,290.83,51,35,4.19,RU,1692322540
55,badger,64.8,-147.5333,288.22,72,100,8.23,US,1692322498
56,dudinka,69.4058,86.1778,284.05,67,0,2.64,RU,1692322541
57,fyodorovka,53.6314,62.7078,292.67,73,36,1.69,KZ,1692322541
58,virovitica,45.8319,17.3839,294.48,66,89,0.89,HR,1692322541
59,bonthe,7.5264,-12.505,298.16,88,78,3.39,SL,1692322542
60,turbat,26.0023,63.044,298.89,78,0,2.02,PK,1692322543
61,puerto aysen,-45.4,-72.7,276.33,96,100,1.23,CL,1692322543
62,lucas,41.6501,-83.6666,294.13,87,75,4.12,US,1692322544
63,bikenibeu village,1.3673,173.1241,299.13,94,75,0.51,KI,1692322544
64,murzuq,25.9155,13.9184,302.93,21,5,1.82,LY,1692322544
65,okha,53.5739,142.9478,290.34,81,92,2.83,RU,1692322251
66,nyagan,62.1406,65.3936,292.25,85,87,0.48,RU,1692322252
67,fortuna,40.5982,-124.1573,294.78,85,20,6.17,US,1692322545
68,chikola,43.1906,43.9209,290.62,76,0,2.34,RU,1692322545
69,enewetak,11.3474,162.3373,301.74,74,28,3.9,MH,1692322499
70,eisfeld,50.4167,10.9167,290.84,94,81,0.82,DE,1692322546
71,an nuhud,12.7,28.4333,301.6,56,99,4.61,SD,1692322546
72,lompoc,34.6391,-120.4579,299.23,80,100,3.13,US,1692322489
73,dunedin,-45.8742,170.5036,284.86,52,100,1.41,NZ,1692322546
74,tolanaro,-25.0319,46.9987,293.19,60,20,8.23,MG,1692322547
75,turuntayevo,52.2,107.6167,288.2,60,92,3.23,RU,1692322547
76,qina,26.1642,32.7267,302.48,36,53,2.82,EG,1692322329
77,kolokani,13.5728,-8.0339,296.37,88,66,2.03,ML,1692322547
78,san patricio,28.017,-97.5169,304.91,67,0,6.03,US,1692322488
79,argo,37.6333,22.7333,302.47,52,0,1.99,GR,1692322548
80,kontcha,7.9667,12.2333,294.19,96,100,1.45,CM,1692322549
81,nuuk,64.1835,-51.7216,277.49,100,41,2.06,GL,1692322505
82,port alfred,-33.5906,26.891,286.37,78,5,5.15,ZA,1692322549
83,sai kung,22.3822,114.2728,304.72,84,36,0.89,CN,1692322549
84,sorong,-0.8833,131.25,299.83,85,100,5.99,ID,1692322454
85,daru,-9.0763,143.2092,299.69,62,50,4.97,PG,1692322550
86,puerto ayacucho,5.6639,-67.6236,298.21,89,89,1.66,VE,1692322550
87,bredasdorp,-34.5322,20.0403,281.23,91,0,3.61,ZA,1692322459
88,bel ombre,-4.6167,55.4167,299.06,89,75,5.14,SC,1692322550
89,edinburgh of the seven seas,-37.0676,-12.3116,286.43,85,100,10.14,SH,1692322489
90,arno,60.1167,18.6333,288.59,85,100,2.89,SE,1692322551
91,blackmans bay,-43.0167,147.3167,285.11,65,100,4.15,AU,1692322489
92,novyy urgal,51.0736,132.5642,298.97,66,99,1.43,RU,1692322551
93,udachny,66.4167,112.4,292.97,60,100,9.37,RU,1692322552
94,nar'yan-mar,67.6713,53.087,288.88,98,100,4.49,RU,1692322506
95,kalmunai,7.4167,81.8167,300.97,66,100,2.46,LK,1692322552
96,iqaluit,63.7506,-68.5145,279.0,100,100,6.17,CA,1692322495
97,fereydun kenar,36.6864,52.5225,298.72,61,0,1.55,IR,1692322553
98,lebu,-37.6167,-73.65,280.31,78,26,1.53,CL,1692322553
99,antsiranana,-12.2787,49.2917,295.3,77,1,7.44,MG,1692322553
100,veraval,20.9,70.3667,299.44,82,100,5.42,IN,1692322553
101,puerto ayora,-0.7393,-90.3518,297.9,96,58,2.24,EC,1692322500
102,avarua,-21.2078,-159.775,299.18,73,100,5.66,CK,1692322499
103,itamaraca,-7.7478,-34.8256,296.18,87,57,4.12,BR,1692322554
104,anadyr,64.75,177.4833,292.43,37,0,7.0,RU,1692322554
105,hithadhoo,-0.6,73.0833,300.7,76,79,3.75,MV,1692322493
106,talnakh,69.4865,88.3972,283.82,54,6,0.61,RU,1692322555
107,chonchi,-42.6128,-73.8092,277.1,94,100,1.53,CL,1692322555
108,ilulissat,69.2167,-51.1,280.16,70,20,0.0,GL,1692322488
109,mitu,1.1983,-70.1733,297.9,82,100,0.29,CO,1692322556
110,mugia,43.1041,-9.2179,294.77,94,100,9.11,ES,1692322556
111,kerman,30.2832,57.0788,283.07,20,0,2.06,IR,1692322556
112,jamestown,42.097,-79.2353,295.92,77,75,3.6,US,1692322557
113,bhadaur,30.4833,75.3167,302.88,66,6,1.56,IN,1692322557
114,whitehorse,60.7161,-135.0538,283.58,93,75,1.54,CA,1692322306
115,mandalgovi,45.7625,106.2708,288.4,43,0,5.01,MN,1692322557
116,alofi,-19.0595,-169.9187,300.09,78,75,3.6,NU,1692322557
117,papatowai,-46.5619,169.4708,284.27,69,97,3.02,NZ,1692322494
118,qaqortoq,60.7167,-46.0333,281.45,83,100,1.71,GL,1692322496
119,uturoa,-16.7333,-151.4333,298.35,75,53,10.48,PF,1692322558
120,yuzhno-kurilsk,44.0306,145.8556,296.94,75,18,3.56,RU,1692322559
121,holualoa,19.6228,-155.9522,300.25,79,100,5.66,US,1692322494
122,caraballeda,10.6112,-66.8522,300.19,78,82,4.12,VE,1692322559
123,topeka,39.0483,-95.678,297.94,59,0,2.57,US,1692322559
124,porto novo,6.4965,2.6036,299.05,93,100,2.6,BJ,1692322559
125,la'ie,21.6477,-157.9253,305.13,67,12,5.04,US,1692322560
126,punta arenas,-53.15,-70.9167,277.21,87,100,5.66,CL,1692322560
127,berezovyy,51.6667,135.7,299.97,52,81,2.12,RU,1692322560
128,falmouth,50.1544,-5.0711,290.65,100,75,2.06,GB,1692322490
129,dali,25.7,100.1833,294.77,79,100,1.02,CN,1692322561
130,jaru,-10.4389,-62.4664,301.97,43,87,0.84,BR,1692322380
131,kodiak,57.79,-152.4072,286.88,77,0,4.12,US,1692322561
132,atafu village,-8.5421,-172.5159,301.14,79,100,8.63,TK,1692322562
133,souillac,-20.5167,57.5167,293.36,88,20,1.54,MU,1692322562
134,kruisfontein,-34.0033,24.7314,281.42,86,31,3.62,ZA,1692322562
135,batticaloa,7.7102,81.6924,300.84,65,100,2.42,LK,1692322563
136,benghazi,32.1167,20.0667,299.08,74,0,4.95,LY,1692322564
137,invercargill,-46.4,168.35,280.55,95,100,2.67,NZ,1692322296
138,bilibino,68.0546,166.4372,281.93,85,100,1.67,RU,1692322502
139,susuman,62.7833,148.1667,289.97,71,80,1.06,RU,1692322565
140,tateyama,34.9833,139.8667,303.11,79,75,3.09,JP,1692322565
141,colonia,50.9333,6.95,291.46,90,0,0.51,DE,1692322411
142,alaghsas,17.0187,8.0168,305.22,36,67,2.15,NE,1692322566
143,vila velha,-20.3297,-40.2925,294.12,83,20,2.06,BR,1692322566
144,san andres,12.5847,-81.7006,301.16,83,20,6.17,CO,1692322566
145,kalemie,-5.9475,29.1947,295.57,54,9,0.68,CD,1692322567
146,island harbour,50.724,-1.2758,291.57,93,54,3.13,GB,1692322567
147,hasaki,35.7333,140.8333,308.31,77,2,5.57,JP,1692322495
148,nikolayevsk-on-amure,53.1406,140.73,297.13,67,60,2.0,RU,1692322498
149,suva,-18.1416,178.4415,301.86,74,40,4.63,FJ,1692322567
150,kuraymah,18.55,31.85,306.29,19,12,2.91,SD,1692322568
151,rabaul,-4.1967,152.1721,301.54,73,95,4.7,PG,1692322568
152,den burg,53.0542,4.7972,290.37,85,100,4.12,NL,1692322568
153,petropavlovsk-kamchatsky,53.0452,158.6483,291.48,100,75,2.0,RU,1692322569
154,wailua homesteads,22.0669,-159.378,302.59,73,40,6.69,US,1692322569
155,portland,45.5234,-122.6762,306.79,44,75,4.12,US,1692322436
156,hinton,53.4001,-117.5857,287.99,87,100,1.98,CA,1692322569
157,mucumpiz,8.4167,-71.1333,287.5,93,69,0.49,VE,1692322570
158,kapa'a,22.0752,-159.319,303.33,73,40,6.69,US,1692322570
159,kenai,60.5544,-151.2583,291.2,73,0,3.6,US,1692322570
160,keflavik,64.0049,-22.5624,286.1,94,75,6.17,IS,1692322570
161,santa rosalia,27.3167,-112.2833,306.34,50,0,0.91,MX,1692322571
162,katsuren-haebaru,26.3369,127.8719,302.58,80,40,2.57,JP,1692322572
163,sinan,34.8262,126.1086,303.21,81,0,1.98,KR,1692322572
164,faranah,10.0404,-10.7434,294.42,98,100,0.78,GN,1692322573
165,saipan,15.1355,145.701,305.54,100,40,4.63,MP,1692322573
166,saint-francois,46.4154,3.9054,291.84,94,0,1.03,FR,1692322573
167,kondagaon,19.6,81.6667,294.76,97,100,2.18,IN,1692322573
168,andergrove,-21.0833,149.1833,301.84,69,0,7.05,AU,1692322574
169,bafia,4.75,11.2333,294.22,62,100,1.06,CM,1692322574
170,naze,28.3667,129.4833,301.66,77,80,2.28,JP,1692322574
171,shubarkuduk,49.1447,56.4872,296.46,34,26,5.69,KZ,1692322575
172,georgetown,5.4112,100.3354,301.45,86,20,1.54,MY,1692322442
173,bestobe,52.4994,73.0975,290.34,55,48,3.96,KZ,1692322576
174,margate,51.3813,1.3862,292.54,91,70,1.79,GB,1692322576
175,santo angelo,-28.2992,-54.2631,292.91,71,0,3.58,BR,1692322576
176,port elizabeth,-33.918,25.5701,286.31,76,0,4.63,ZA,1692322492
177,rockport,28.0206,-97.0544,303.16,87,3,4.63,US,1692322576
178,bloemfontein,-29.1211,26.214,280.86,61,91,1.54,ZA,1692322577
179,port lincoln,-34.7333,135.8667,286.77,70,98,8.12,AU,1692322550
180,yushu,44.8,126.5333,300.24,80,31,4.44,CN,1692322577
181,migennes,47.9655,3.5179,292.03,91,3,1.87,FR,1692322577
182,ventspils,57.3894,21.5606,291.11,100,0,2.06,LV,1692322578
183,toguchin,55.2353,84.3858,285.95,84,100,1.88,RU,1692322578
184,seosan,36.7817,126.4522,301.55,69,0,1.23,KR,1692322579
185,rehoboth,-23.3167,17.0833,286.72,33,82,3.01,NA,1692322579
186,ola,59.5833,151.2833,289.34,82,100,0.28,RU,1692322579
187,sanctuary point,-35.1114,150.629,287.7,60,96,8.36,AU,1692322580
188,kavaratti,10.5669,72.642,300.8,74,100,4.22,IN,1692322580
189,polyarnyy,69.1989,33.4478,281.69,88,100,9.17,RU,1692322580
190,olonkinbyen,70.9221,-8.7187,279.54,93,100,3.86,SJ,1692322495
191,northam,51.0333,-4.2167,291.62,84,100,8.57,GB,1692322581
192,jiazi,22.8779,116.067,303.31,74,42,4.76,CN,1692322581
193,pisco,-13.7,-76.2167,292.18,77,100,5.66,PE,1692322581
194,jinchang,38.4953,102.1739,296.96,25,93,1.43,CN,1692322582
195,chipinge,-20.1883,32.6236,285.79,78,91,1.27,ZW,1692322582
196,takayama,36.1333,137.25,296.8,87,99,1.1,JP,1692322583
197,ta`u,-14.2336,-169.5144,300.37,80,24,8.51,AS,1692322583
198,mossel bay,-34.1831,22.146,284.11,68,7,4.03,ZA,1692322583
199,vilyuchinsk,52.9306,158.4028,292.3,98,100,2.7,RU,1692322503
200,belmonte,-15.8631,-38.8828,295.29,84,53,2.75,BR,1692322584
201,cidreira,-30.1811,-50.2056,290.92,94,7,2.05,BR,1692322584
202,rio grande,-32.035,-52.0986,289.79,99,100,1.73,BR,1692322584
203,nuku'alofa,-21.1333,-175.2,296.34,83,75,2.06,TO,1692322584
204,gadzhiyevo,69.2551,33.3362,281.46,88,100,9.41,RU,1692322585
205,sisimiut,66.9395,-53.6735,279.49,82,6,1.68,GL,1692322585
206,sao felix do xingu,-6.6447,-51.995,301.66,39,100,0.96,BR,1692322585
207,nova sintra,14.8667,-24.7167,297.12,85,83,5.35,CV,1692322586
208,laguna,38.421,-121.4238,312.81,39,0,5.66,US,1692322586
209,illizi,26.4833,8.4667,303.04,18,2,1.41,DZ,1692322586
210,phan thiet,10.9333,108.1,302.67,72,100,5.13,VN,1692322586
211,ust'-kulom,61.6864,53.6902,291.36,84,64,2.45,RU,1692322586
212,las lomitas,-24.7096,-60.593,301.12,32,1,3.01,AR,1692322587
213,utrik,11.2278,169.8474,301.56,74,8,5.57,MH,1692322587
214,salekhard,66.53,66.6019,288.76,79,100,2.08,RU,1692322588
215,haiku-pauwela,20.9219,-156.3051,302.69,61,8,5.81,US,1692322588
216,angaur state,6.906,134.13,300.96,79,99,5.22,PW,1692322588
217,hilo,19.7297,-155.09,300.0,83,100,4.12,US,1692322378
218,berezniki,59.4152,56.8124,291.25,79,10,1.59,RU,1692322589
219,ust-tsilma,65.441,52.1498,289.82,95,100,2.76,RU,1692322590
220,lihue,21.9789,-159.3672,302.92,66,40,6.69,US,1692322373
221,sambava,-14.2667,50.1667,294.56,82,12,4.36,MG,1692322590
222,mujiayingzi,42.1167,118.7833,301.23,37,9,2.59,CN,1692322591
223,mana,5.6592,-53.7767,298.76,89,69,3.28,GF,1692322591
224,benque viejo el carmen,17.075,-89.1392,301.16,89,0,0.0,BZ,1692322591
225,borongan,11.6333,125.4333,302.98,64,100,1.29,PH,1692322592
226,rongelap,11.1635,166.8941,301.64,74,22,5.47,MH,1692322592
227,praia da vitoria,38.7333,-27.0667,297.29,88,75,7.07,PT,1692322592
228,carnarvon,-24.8667,113.6333,292.59,33,0,10.75,AU,1692322504
229,ust-nera,64.5667,143.2,295.34,51,44,0.27,RU,1692322593
230,darnah,32.767,22.6367,298.23,82,0,7.93,LY,1692322593
231,poninka,50.1849,27.5363,289.77,61,13,2.31,UA,1692322594
232,mersing,2.4312,103.8405,297.1,94,40,1.54,MY,1692322594
233,darwin,-12.4611,130.8418,303.09,58,20,2.06,AU,1692322594
234,tsiombe,-25.3,45.4833,288.47,75,44,2.6,MG,1692322594
235,kuusamo,65.9667,29.1833,279.17,87,0,1.03,FI,1692322595
236,narvik,68.4384,17.4272,283.29,86,100,0.86,NO,1692322399
237,quellon,-43.1167,-73.6167,277.29,100,100,2.57,CL,1692322595
238,ha'il,27.5219,41.6907,301.16,16,0,2.06,SA,1692322595
239,griffith,41.5284,-87.4237,294.42,60,0,7.2,US,1692322596
240,constantia,44.1833,28.65,297.53,76,2,5.5,RO,1692322596
241,namibe,-15.1961,12.1522,288.49,87,3,1.24,AO,1692322596
242,hulan ergi,47.2042,123.6333,293.16,78,100,4.47,CN,1692322596
243,phongsali,21.6833,102.1058,296.59,72,98,0.72,LA,1692322597
244,zyrya,40.3661,50.2917,298.2,68,0,4.49,AZ,1692322597
245,ambon,-3.6954,128.1814,299.63,73,86,5.86,ID,1692322597
246,saint-denis,48.9167,2.3333,294.34,85,0,3.09,FR,1692322598
247,port blair,11.6667,92.75,302.17,79,40,4.12,IN,1692322598
248,sarikei,2.1167,111.5167,298.76,60,44,1.3,MY,1692322598
249,pathein,16.7833,94.7333,301.16,80,48,3.12,MM,1692322598
250,matoury,4.8483,-52.3317,299.13,94,0,1.03,GF,1692322348
251,julio de castilhos,-29.2269,-53.6817,291.2,87,0,3.78,BR,1692322492
252,dakhla,23.6848,-15.958,293.18,91,6,6.53,EH,1692322599
253,fort bragg,35.139,-79.006,301.43,81,0,4.12,US,1692322600
254,white house,36.4703,-86.6514,298.6,83,70,2.77,US,1692322400
255,ati,13.2154,18.3353,302.4,58,100,3.38,TD,1692322600
256,tobruk,32.0836,23.9764,298.45,83,0,6.7,LY,1692322600
257,ennis,52.8436,-8.9864,290.11,88,75,5.66,IE,1692322601
258,harstad,68.799,16.5293,283.28,87,84,3.58,NO,1692322601
259,kokoda,-8.8785,147.7407,302.06,71,87,1.68,PG,1692322601
260,az zubayr,30.3945,47.7011,305.07,89,0,2.57,IQ,1692322601
261,tuma,55.148,40.5537,290.31,88,1,2.14,RU,1692322602
262,paraty,-23.2178,-44.7131,295.06,75,0,1.69,BR,1692322602
263,edmundston,47.3737,-68.3251,293.28,82,100,5.14,CA,1692322602
264,rockingham,42.9668,-71.0995,293.74,89,95,1.54,US,1692322602
265,tobelo,1.7284,128.0095,301.96,65,100,1.88,ID,1692322603
266,ingeniero jacobacci,-41.3427,-69.5448,272.17,75,6,6.21,AR,1692322603
267,jimo,36.3897,120.4622,302.03,79,0,4.0,CN,1692322603
268,sitka,57.0531,-135.33,288.09,77,75,1.54,US,1692322603
269,tralee,52.2704,-9.7026,288.05,87,100,5.46,IE,1692322604
270,iskateley,67.6803,53.1512,288.77,98,100,4.54,RU,1692322505
271,east london,-33.0153,27.9116,287.65,68,0,4.05,ZA,1692322604
272,gaomi,36.3833,119.7528,303.92,57,57,3.5,CN,1692322604
273,belidzhi,41.8918,48.4125,297.35,75,2,1.2,RU,1692322605
274,klyuchi,52.2667,79.1667,287.38,78,100,3.41,RU,1692322605
275,minas de marcona,-15.2119,-75.1103,285.14,88,83,6.94,PE,1692322605
276,hammerfest,70.6634,23.6821,283.4,71,100,9.26,NO,1692322606
277,alice springs,-23.7,133.8833,288.9,53,0,25.48,AU,1692322606
278,ambodifotatra,-16.9833,49.85,295.85,79,33,1.58,MG,1692322606
279,akureyri,65.6835,-18.0878,284.11,82,75,0.0,IS,1692322606
280,santana,-0.0583,-51.1817,302.25,84,20,4.63,BR,1692322606
281,nadym,65.5333,72.5167,285.18,85,100,2.25,RU,1692322607
282,la ronge,55.1001,-105.2842,298.27,50,40,2.06,CA,1692322607
283,trairi,-3.2778,-39.2689,298.29,86,19,5.09,BR,1692322607
284,carolina beach,34.0352,-77.8936,301.01,87,30,5.16,US,1692322607
285,san mariano,7.5,126.0,300.05,74,100,0.86,PH,1692322608
286,coxen hole,16.3244,-86.5366,301.75,84,20,5.66,HN,1692322608
287,pirallahi,40.4723,50.333,298.23,66,0,4.21,AZ,1692322608
288,laojunmiao,39.8333,97.7333,291.18,28,62,5.07,CN,1692322609
289,mejit,10.2753,170.8646,301.32,76,11,6.02,MH,1692322510
290,berdigestyakh,62.0989,126.6992,294.79,51,0,4.96,RU,1692322500
291,awjilah,29.1081,21.2869,298.18,47,0,4.42,LY,1692322609
292,maloye ganyushkino,46.6,49.2667,298.4,42,62,3.29,KZ,1692322609
293,vandalia,39.8906,-84.1988,293.1,96,100,4.12,US,1692322610
294,ghanzi,-21.5667,21.7833,288.49,27,63,1.82,BW,1692322610
295,touros,-5.1989,-35.4608,296.87,84,12,4.75,BR,1692322610
296,mermoz boabab,14.7065,-17.4758,301.03,83,20,1.03,SN,1692322610
297,lautoka,-17.6167,177.4667,303.07,66,40,5.66,FJ,1692322611
298,kununurra,-15.7667,128.7333,303.14,28,67,5.14,AU,1692322611
299,karlivka,49.4567,35.1295,290.08,71,0,3.14,UA,1692322611
300,sayat,38.7839,63.8803,292.08,22,0,3.4,TM,1692322611
301,bamboo flat,11.7,92.7167,302.2,79,40,4.12,IN,1692322612
302,bubaque,11.2833,-15.8333,299.8,83,96,5.74,GW,1692322612
303,aasiaat,68.7098,-52.8699,274.69,77,0,2.44,GL,1692322485
304,callao,-12.0667,-77.15,293.31,73,100,5.66,PE,1692322497
305,katsuura,35.1333,140.3,303.16,77,0,5.06,JP,1692322612
306,morehead city,34.7229,-76.726,301.15,86,40,6.69,US,1692322613
307,okakarara,-20.5833,17.4333,286.46,36,4,3.14,NA,1692322613
308,upington,-28.4478,21.2561,280.36,42,0,1.54,ZA,1692322613
309,sheboygan,43.7333,-87.9334,291.14,70,0,2.57,US,1692322613
310,sena madureira,-9.0656,-68.6569,298.41,67,8,1.19,BR,1692322614
311,mbanza-ngungu,-5.25,14.8667,292.92,74,14,3.77,CD,1692322614
312,lakatoro,-16.0999,167.4164,298.5,78,70,6.07,VU,1692322614
313,shingu,33.7333,135.9833,299.98,86,100,0.42,JP,1692322614
314,potosi,-19.5836,-65.7531,280.2,14,0,2.67,BO,1692322484
315,east ballina,-28.8667,153.5833,296.93,53,72,7.72,AU,1692322335
316,eraan,9.0629,117.7016,302.82,66,89,2.4,PH,1692322616
317,nouadhibou,20.931,-17.0347,297.14,83,100,5.14,MR,1692322616
318,thohoyandou,-22.9456,30.485,288.46,63,19,1.38,ZA,1692322402
319,marsh harbour,26.5412,-77.0636,302.53,74,100,3.92,BS,1692322521
320,galle,6.0367,80.217,300.28,80,100,6.1,LK,1692322617
321,carutapera,-1.195,-46.02,297.85,89,6,2.58,BR,1692322617
322,thetford-mines,46.0937,-71.3054,291.21,84,0,3.48,CA,1692322327
323,frontera,26.9333,-101.45,312.01,25,40,4.12,MX,1692322618
324,hidalgo,20.5,-99.0,290.29,85,100,2.8,MX,1692322618
325,bodo,67.28,14.405,284.17,82,100,3.09,NO,1692322618
326,remire-montjoly,4.9167,-52.2667,299.17,94,20,0.0,GF,1692322618
327,plettenberg bay,-34.0527,23.3716,284.71,74,7,3.43,ZA,1692322619
328,tsarevo,42.1667,27.85,295.53,93,14,3.47,BG,1692322619
329,wenatchee,47.4235,-120.3103,309.31,21,0,6.69,US,1692322619
330,bhimunipatnam,17.8833,83.4333,298.08,91,100,0.66,IN,1692322620
331,kharp,66.8014,65.8081,287.64,88,100,1.65,RU,1692322620
332,fendou,46.65,124.8667,294.55,94,94,6.05,CN,1692322620
333,uitenhage,-33.7576,25.3971,285.92,80,5,2.76,ZA,1692322620
334,dryden,49.7833,-92.7503,290.31,55,0,2.57,CA,1692322621
335,sinabang,2.4803,96.3801,300.3,81,99,1.19,ID,1692322621
336,mili,6.0815,171.735,301.75,72,100,3.22,MH,1692322621
337,pasinler,39.9803,41.6764,288.7,56,6,0.61,TR,1692322622
338,al wakrah,24.85,51.3333,306.2,48,12,3.39,QA,1692322622
339,khandyga,62.6667,135.6,296.11,57,5,0.8,RU,1692322622
340,lauro de freitas,-12.8944,-38.3272,298.16,83,75,4.12,BR,1692322622
341,san luis de la loma,17.2706,-100.8939,299.75,78,97,1.86,MX,1692322623
342,madridejos,39.4682,-3.532,295.93,27,7,1.71,ES,1692322623
343,malvan,16.0667,73.4667,299.45,81,98,2.47,IN,1692322623
344,ancud,-41.8697,-73.8203,279.64,78,90,4.59,CL,1692322624
345,port saint john's,-31.6229,29.5448,289.54,80,52,4.07,ZA,1692322506
346,afaahiti,-17.75,-149.2833,299.08,73,88,10.34,PF,1692322624
347,itoman,26.1247,127.6694,302.58,84,75,1.54,JP,1692322625
348,homer,59.6425,-151.5483,290.08,76,0,6.17,US,1692322626
349,san antonio de pale,-1.4014,5.6325,296.32,90,100,6.53,GQ,1692322626
350,mabaruma,8.2,-59.7833,297.93,91,14,1.19,GY,1692322626
351,nemuro,43.3236,145.575,294.24,86,32,0.83,JP,1692322496
352,vorkuta,67.5,64.0,286.81,87,100,1.96,RU,1692322627
353,nzerekore,7.7562,-8.8179,294.27,99,100,0.83,GN,1692322627
354,happy valley-goose bay,53.3168,-60.3315,294.32,64,40,3.09,CA,1692322627
355,cheremushki,52.8356,91.3944,287.9,88,93,2.75,RU,1692322627
356,butterworth,5.3991,100.3638,303.18,86,20,1.54,MY,1692322628
357,papao,-17.75,-149.55,299.97,73,59,11.36,PF,1692322628
358,flin flon,54.7682,-101.865,292.39,59,72,4.14,CA,1692322628
359,mata de sao joao,-12.5303,-38.2992,298.01,98,62,0.78,BR,1692322628
360,gizo,-8.103,156.8419,299.9,83,86,5.42,SB,1692322629
361,katima mulilo,-17.5,24.2667,287.7,41,16,2.38,NA,1692322629
362,shortandy,51.7006,70.9994,291.57,60,99,2.79,KZ,1692322629
363,vadso,70.0744,29.7487,282.24,81,40,6.69,NO,1692322629
364,copiapo,-27.3667,-70.3333,285.98,53,0,0.97,CL,1692322630
365,yumaguzino,52.9041,56.3933,291.03,70,2,1.63,RU,1692322630
366,caister-on-sea,52.6481,1.7265,291.16,94,99,6.51,GB,1692322630
367,salinopolis,-0.6136,-47.3561,299.52,84,38,4.53,BR,1692322630
368,conceicao do araguaia,-8.2578,-49.2647,298.85,40,8,1.32,BR,1692322631
369,tottori,35.5,134.2333,303.19,70,75,4.12,JP,1692322631
370,beni mester,34.8704,-1.4232,295.76,41,0,1.54,DZ,1692322631
371,lazaro cardenas,17.9583,-102.2,300.52,73,100,0.64,MX,1692322631
372,pocora,10.1718,-83.6044,302.39,97,89,1.02,CR,1692322632
373,maues,-3.3836,-57.7186,299.33,50,100,0.7,BR,1692322632
374,kikwit,-5.041,18.8162,300.21,41,51,1.4,CD,1692322632
375,pangkalanbuun,-2.6833,111.6167,302.95,57,90,2.67,ID,1692322632
376,erdenet,49.0333,104.0833,286.38,63,0,2.35,MN,1692322632
377,wayne,42.2506,-83.2833,292.55,85,0,1.54,US,1692322633
378,danilov,58.1908,40.1717,289.8,92,66,2.13,RU,1692322633
379,tosontsengel,48.7567,98.2839,283.66,58,3,2.03,MN,1692322488
380,nacaome,13.5361,-87.4875,300.7,71,44,0.59,HN,1692322633
381,sassandra,4.95,-6.0833,296.44,95,100,2.89,CI,1692322634
382,guercif,34.2257,-3.3536,301.43,33,8,2.42,MA,1692322634
383,caala,-12.8525,15.5606,289.89,32,0,1.1,AO,1692322634
384,suntar,62.1444,117.6319,295.35,57,100,6.33,RU,1692322635
385,novobelokatay,55.7062,58.9549,292.84,71,51,0.98,RU,1692322635
386,sola,-13.8833,167.55,298.07,86,87,8.23,VU,1692322635
387,ketchikan,55.3422,-131.6461,286.41,88,100,3.09,US,1692322399
388,paita,-5.0892,-81.1144,294.02,79,0,7.19,PE,1692322635
389,swift current,50.2834,-107.8014,305.6,23,0,5.66,CA,1692322636
390,westport,41.1415,-73.3579,296.11,91,100,5.66,US,1692322636
391,eyl,7.9803,49.8164,297.75,78,10,7.49,SO,1692322636
392,emerald,-23.5333,148.1667,301.12,26,8,7.22,AU,1692322458
393,anna,51.4842,40.4299,291.34,84,0,3.68,RU,1692322637
394,bayanhongor,46.7167,100.1167,283.63,39,0,0.9,MN,1692322637
395,ternate,0.8,127.4,301.08,72,96,5.0,ID,1692322637
396,tuyen quang,21.8233,105.2181,302.24,85,100,0.95,VN,1692322637
397,pangody,65.85,74.4859,284.3,64,16,1.88,RU,1692322638
398,meadow lake,34.8014,-106.5436,301.52,39,100,2.2,US,1692322638
399,saudarkrokur,65.7461,-19.6394,285.21,76,100,0.31,IS,1692322501
400,lerwick,60.1545,-1.1494,285.15,91,3,3.69,GB,1692322638
401,la passe,45.5549,-0.8967,296.28,85,100,1.78,FR,1692322494
402,saint-louis,16.3333,-15.0,301.12,74,100,5.9,SN,1692322639
403,sur,22.5667,59.5289,300.32,71,0,4.32,OM,1692322639
404,lavaur,43.6985,1.8186,298.64,62,95,0.5,FR,1692322639
405,tura,25.5198,90.2201,299.03,93,100,1.66,IN,1692322639
406,khorixas,-20.3667,14.9667,288.56,40,4,1.42,NA,1692322640
407,mount isa,-20.7333,139.5,297.02,27,10,9.26,AU,1692322246
408,egilsstadir,65.2653,-14.3948,285.1,76,75,5.66,IS,1692322492
409,chapada dos guimaraes,-15.4606,-55.7497,296.96,33,0,2.54,BR,1692322641
410,port hedland,-20.3167,118.5667,297.18,25,40,9.77,AU,1692322641
411,labrador city,52.9463,-66.9114,290.1,82,40,4.63,CA,1692322641
412,eilat,29.5581,34.9482,304.06,55,4,5.66,IL,1692322642
413,kerikeri,-35.2268,173.9474,288.59,49,20,1.81,NZ,1692322642
414,fortaleza,-3.7227,-38.5247,300.22,78,40,5.66,BR,1692322401
415,sete lagoas,-19.4658,-44.2467,292.75,65,46,2.83,BR,1692322642
416,bintulu,3.1667,113.0333,299.38,88,40,2.24,MY,1692322618
417,saint-pierre,-21.3393,55.4781,293.47,88,75,1.54,RE,1692322643
418,isangel,-19.55,169.2667,296.65,57,3,5.13,VU,1692322643
419,cill airne,52.05,-9.5167,287.47,91,100,4.83,IE,1692322643
420,kyren,51.6828,102.1408,289.6,55,33,0.31,RU,1692322644
421,skowhegan,44.7651,-69.7192,292.25,97,100,2.09,US,1692322644
422,jaora,23.6333,75.1333,296.17,91,87,5.8,IN,1692322644
423,komoro,36.3167,138.4333,305.22,49,31,0.89,JP,1692322644
424,champerico,14.3,-91.9167,301.64,79,24,3.04,GT,1692322645
425,weno,7.4515,151.8468,304.12,74,75,2.57,FM,1692322645
426,banda aceh,5.5577,95.3222,301.69,71,25,3.17,ID,1692322645
427,atar,20.5169,-13.0499,303.85,49,100,5.17,MR,1692322645
428,guilin,25.2819,110.2864,303.21,75,90,1.49,CN,1692322646
429,siwa oasis,29.2041,25.5195,299.25,57,0,1.58,EG,1692322500
430,ibarreta,-25.2144,-59.8585,300.88,30,71,3.13,AR,1692322646
431,moab,38.5733,-109.5498,304.18,40,94,2.64,US,1692322398
432,mananjary,-21.2167,48.3333,292.07,84,100,1.01,MG,1692322646
433,coracora,-15.0333,-73.7833,283.94,37,0,1.43,PE,1692322647
434,enoch,37.7733,-113.0244,297.29,69,0,4.63,US,1692322647
435,flying fish cove,-10.4217,105.6791,297.97,73,40,5.14,CX,1692322647
436,tayoltita,24.0833,-105.9333,295.89,94,100,0.17,MX,1692322647
437,isla mujeres,21.2311,-86.731,303.24,84,9,3.32,MX,1692322648
438,fisterra,42.9049,-9.2629,294.68,96,100,9.81,ES,1692322495
439,verkhnevilyuysk,63.4453,120.3167,295.07,53,100,6.17,RU,1692322648
440,luderitz,-26.6481,15.1594,286.44,62,100,4.38,NA,1692322493
441,piripiri,-4.2733,-41.7769,297.14,48,87,1.4,BR,1692322648
442,i-n-salah,27.1935,2.4607,305.38,17,11,4.3,DZ,1692322649
443,barahan,13.0121,120.762,301.63,72,52,2.53,PH,1692322649
444,bouarfa,32.53,-1.95,299.92,26,56,1.93,MA,1692322649
445,nova vicosa,-17.8919,-39.3719,294.73,86,24,2.93,BR,1692322649
446,al jawf,29.5,38.75,302.95,16,0,1.95,SA,1692322650
447,gokwe,-18.2048,28.9349,285.64,57,52,1.56,ZW,1692322650
448,howard springs,-12.497,131.047,303.05,37,10,1.01,AU,1692322650
449,maine soroa,13.2114,12.0241,302.82,50,99,3.93,NE,1692322650
450,calama,-22.4667,-68.9333,285.42,16,0,2.57,CL,1692322487
451,aksu,41.1231,80.2644,297.57,40,12,1.69,CN,1692322652
452,taksimo,56.3444,114.8794,284.7,89,100,2.44,RU,1692322652
453,weston,26.1004,-80.3998,301.16,76,100,3.13,US,1692322652
454,ghat,24.9647,10.1728,304.5,26,43,1.68,LY,1692322652
455,mirny,62.5353,113.9611,289.95,67,100,4.02,RU,1692322653
456,atherton,53.5237,-2.4935,289.2,80,72,1.79,GB,1692322574
457,nyandoma,61.669,40.1991,286.65,98,14,2.8,RU,1692322653
458,nosy varika,-20.5833,48.5333,291.55,88,78,1.22,MG,1692322653
459,tucuma,-0.1833,-50.05,298.09,92,17,3.21,BR,1692322635
460,shahin dezh,36.6793,46.5669,297.15,19,94,1.92,IR,1692322654
461,mourmelon-le-grand,49.1326,4.3642,291.51,94,11,0.0,FR,1692322654
462,saint-jean-de-monts,46.7833,-2.0667,292.75,85,100,2.18,FR,1692322654
463,at taj,24.2049,23.2857,298.88,27,5,3.36,LY,1692322654
464,tympaki,35.0729,24.7685,300.24,62,0,2.24,GR,1692322656
465,willmar,45.1219,-95.0433,293.12,56,0,0.0,US,1692322656
466,tazacorte,28.629,-17.9293,295.69,93,0,4.63,ES,1692322656
467,nyurba,63.2842,118.3319,294.37,60,100,6.24,RU,1692322657
468,khabarovsk,48.4808,135.0928,298.04,78,75,3.13,RU,1692322657
469,kargasok,59.0556,80.8572,284.67,69,60,3.43,RU,1692322657
470,horta,38.5333,-28.6333,295.94,88,74,7.15,PT,1692322504
471,mogocha,53.7333,119.7667,287.31,64,95,5.34,RU,1692322658
472,aguadilla,18.4275,-67.1541,301.84,91,0,3.09,PR,1692322658
473,isiklar,36.9942,40.1264,304.89,21,4,1.24,TR,1692322658
474,choibalsan,48.0667,114.5,292.12,36,96,6.0,MN,1692322658
475,tongouson,5.0214,120.1328,301.33,75,96,4.95,PH,1692322659
476,wenling,28.3669,121.36,301.68,75,40,3.13,CN,1692322659
477,chipata,-13.6333,32.65,288.14,57,0,2.28,ZM,1692322659
478,howrah,22.5892,88.3103,301.15,89,75,4.12,IN,1692322659
479,mankono,8.0586,-6.1897,295.14,98,100,0.43,CI,1692322660
480,guerrero negro,27.9769,-114.0611,296.03,77,11,5.75,MX,1692322660
481,manokwari,-0.8667,134.0833,299.74,80,100,1.18,ID,1692322492
482,sao joao da barra,-21.6403,-41.0511,295.05,79,2,7.89,BR,1692322511
483,rio gallegos,-51.6226,-69.2181,277.18,87,100,5.14,AR,1692322661
484,masterton,-40.9597,175.6575,284.99,59,63,2.64,NZ,1692322661
485,dolinsk,47.35,142.8,296.55,67,100,0.87,RU,1692322661
486,phan rang-thap cham,11.5667,108.9833,304.62,57,95,1.35,VN,1692322661
487,punta del este,-34.9667,-54.95,288.21,96,100,5.14,UY,1692322662
488,myitkyina,25.3833,97.4,299.62,95,100,0.62,MM,1692322662
489,commentry,46.2921,2.7416,291.3,95,97,2.19,FR,1692322662
490,tumut,-35.3,148.2167,280.01,93,100,6.15,AU,1692322662
491,gamba,-2.65,10.0,294.79,96,58,2.86,GA,1692322663
492,queenstown,-31.8976,26.8753,281.0,32,0,3.44,ZA,1692322663
493,waat,51.1454,6.4958,291.43,94,100,1.54,DE,1692322663
494,sandnessjoen,66.0217,12.6316,280.44,75,1,3.89,NO,1692322663
495,brookings,44.3114,-96.7984,294.15,56,0,1.54,US,1692322665
496,port douglas,-16.4833,145.4667,297.57,58,96,1.6,AU,1692322665
497,piton saint-leu,-21.2196,55.3151,291.71,88,75,1.54,RE,1692322665
498,kinablangan,7.6947,126.5503,300.94,71,99,1.34,PH,1692322665
499,gudur,14.1333,79.85,303.29,55,98,6.99,IN,1692322665
500,rostovka,55.3842,71.8891,288.44,55,100,2.2,RU,1692322666
501,belo sur tsiribihina,-19.7,44.55,293.97,72,88,0.89,MG,1692322666
502,monte patria,-30.6919,-70.9467,288.44,66,92,1.07,CL,1692322666
503,kasempa,-13.4584,25.8338,288.56,48,4,2.84,ZM,1692322666
504,tocopilla,-22.092,-70.1979,291.23,70,14,4.35,CL,1692322667
505,pocatello,42.8713,-112.4455,297.97,65,75,3.13,US,1692322485
506,santiago de cao,-7.9589,-79.2392,294.22,83,75,4.12,PE,1692322667
507,menongue,-14.6585,17.691,286.06,29,0,1.1,AO,1692322667
508,iquique,-20.2208,-70.1431,291.17,80,38,1.71,CL,1692322439
509,luwuk,-0.9516,122.7875,301.15,73,86,2.84,ID,1692322668
510,mil'kovo,55.6078,37.7956,293.18,72,15,1.46,RU,1692322668
511,dinguiraye,11.3,-10.7167,294.21,97,84,1.39,GN,1692322668
512,amphoe sikhiu,14.8994,101.7083,302.31,60,56,5.0,TH,1692322669
513,villa bruzual,9.3328,-69.1208,297.36,93,73,0.46,VE,1692322669
514,merizo village,13.2658,144.6691,304.81,83,46,4.32,GU,1692322669
515,robit,12.0167,39.6333,292.14,76,13,1.27,ET,1692322669
516,genhe,50.7833,121.5167,291.4,46,55,3.99,CN,1692322670
517,puerto yuca,2.9383,-73.2083,297.24,91,75,0.99,CO,1692322670
518,puerto san jose,13.9256,-90.8244,300.86,75,7,1.31,GT,1692322670
519,oelwein,42.6733,-91.9135,293.78,77,1,0.45,US,1692322670
520,khamis mushait,18.3064,42.7292,291.73,82,0,0.0,SA,1692322671
521,topolobampo,25.6,-109.05,306.1,55,20,5.66,MX,1692322671
522,lionel town,17.8101,-77.2406,304.09,84,1,2.0,JM,1692322671
523,vila franca do campo,37.7167,-25.4333,297.38,94,77,8.24,PT,1692322671
524,sao jose da coroa grande,-8.8978,-35.1478,296.61,86,54,4.27,BR,1692322672
525,rosarito,32.3333,-117.0333,304.39,64,14,4.93,MX,1692322566
526,kingston,17.997,-76.7936,303.68,82,20,5.14,JM,1692322547
527,constitucion,-35.3333,-72.4167,281.85,85,0,2.68,CL,1692322557
528,gamay,12.3854,125.2979,303.97,62,100,2.07,PH,1692322672
529,pandan,14.0453,124.1694,304.04,65,98,1.24,PH,1692322673
530,bol'shoye murashkino,55.7826,44.7754,290.85,86,3,2.47,RU,1692322673
531,karkira,36.9292,6.5856,300.53,47,0,1.27,DZ,1692322673
532,kourou,5.1552,-52.6478,299.18,91,100,3.13,GF,1692322673
533,hobyo,5.3505,48.5268,297.62,86,86,9.88,SO,1692322674
534,brokopondo,4.75,-55.1667,298.73,86,100,0.73,SR,1692322674
535,aldan,58.6031,125.3894,293.27,71,84,4.06,RU,1692322674
536,torbat-e heydariyeh,35.274,59.2195,293.04,23,0,4.02,IR,1692322674
537,the bottom,17.6259,-63.2492,300.22,84,96,10.74,BQ,1692322675
538,piacabucu,-10.4056,-36.4344,296.19,87,9,4.75,BR,1692322675
539,penzance,50.1186,-5.5371,290.53,85,100,3.15,GB,1692322487
540,nantucket,41.2835,-70.0995,295.18,100,100,3.09,US,1692322675
541,amarante,-6.2411,-42.8547,297.53,48,92,2.33,BR,1692322675
542,hollister,36.8525,-121.4016,299.11,66,0,5.66,US,1692322578
543,crane,31.3974,-102.3501,307.26,17,2,4.96,US,1692322676
544,belomorsk,64.5232,34.7668,283.78,78,97,3.55,RU,1692322676
545,fort mcmurray,56.7268,-111.381,297.92,53,20,3.6,CA,1692322676
546,cumberland,35.0502,-78.8664,302.37,77,20,4.12,US,1692322677
547,dolores,-36.3132,-57.6792,286.69,98,100,5.01,AR,1692322677
548,zorritos,-3.6805,-80.6782,297.31,73,42,4.4,PE,1692322677
549,togur,58.3631,82.8265,284.98,69,3,3.1,RU,1692322677
550,levis,46.8033,-71.1779,295.07,75,75,4.63,CA,1692322678
551,pierre,44.3683,-100.351,297.51,50,0,5.14,US,1692322602
552,ponta delgada,37.7333,-25.6667,297.55,94,75,8.75,PT,1692322678
553,taoyuan city,24.9937,121.297,303.16,82,75,3.09,TW,1692322678
554,novodvinsk,64.4165,40.8122,283.9,91,100,4.76,RU,1692322678
555,sanchez,19.2281,-69.6137,298.64,92,5,2.01,DO,1692322679
556,arkhangel'sk,64.5401,40.5433,283.87,88,100,4.86,RU,1692322679
557,tomatlan,19.9333,-105.25,299.22,76,100,2.11,MX,1692322680
558,hami,42.8,93.45,299.91,16,0,5.82,CN,1692322680
559,kamiiso,41.8167,140.65,299.36,78,40,3.09,JP,1692322680
560,nizhneudinsk,54.9076,99.0276,287.28,72,91,4.79,RU,1692322680
561,bari,41.1177,16.8512,296.97,66,0,3.6,IT,1692322680
562,yarkovo,57.4028,67.0786,290.92,72,86,2.49,RU,1692322681
563,ivdel',60.6911,60.4206,293.48,70,40,1.65,RU,1692322681
564,narasannapeta,18.4167,84.05,297.61,96,100,1.86,IN,1692322681
565,kasane,-17.8167,25.15,288.0,54,35,2.47,BW,1692322681
566,fonte boa,-2.4959,-66.2662,298.03,83,19,1.56,BR,1692322682
567,makurazaki,31.2667,130.3167,300.6,83,35,6.56,JP,1692322682
568,houghton,47.1219,-88.569,290.86,73,75,3.09,US,1692322682
569,traverse city,44.7631,-85.6206,291.26,78,75,3.09,US,1692322656
570,bafoulabe,13.8065,-10.8321,297.16,94,100,0.89,ML,1692322683
571,kimbe,-5.5502,150.1429,298.34,89,99,2.76,PG,1692322683
572,mersa matruh,31.3525,27.2453,298.26,83,40,1.54,EG,1692322683
573,birjand,32.8663,59.2211,286.41,19,0,3.09,IR,1692322683
574,puerto madryn,-42.7692,-65.0385,280.55,89,100,3.85,AR,1692322684
575,inirida,3.8653,-67.9239,298.06,91,100,0.9,CO,1692322684
